title,description,image,review_number,review star,Category,
Salesforce Sales Cloud,"Salesforce Sales Cloud is the the complete platform for Salesblazers, our community of Sellers, Sales Leaders, and Sales Operations, to grow sales and increase productivity. With the #1 AI CRM for Sales, trusted AI and data are built right in so that companies can sell faster, sell smarter and sell efficiently to unleash growth now. Sell faster with AI: Buyer Engagement Sales Engagement Enablement Sales AI Sell smarter with data: Sales Analytics Sell on one platform: Team Productivity Sales Performance Management Revenue Optimization Partner Relationship Management",https://images.g2crowd.com/uploads/product/hd_favicon/e2170cb2fb1e97e4b23447ad004fa376/salesforce-salesforce-sales-cloud.svg,"18,390",4.3 out of 5,Sales Tools,
HubSpot Sales Hub,"ClickUp is an all-in-one productivity platform. It’s the hub where teams come together to plan, organize, and collaborate on work using tasks, Docs, Chat, Goals, Whiteboards, and more. Easily customized with just a few clicks, ClickUp lets teams of all types and sizes deliver work more effectively, boosting productivity to new heights.",https://images.g2crowd.com/uploads/product/hd_favicon/6e246ff896f288b2dc8d7d22f68db0a8/hubspot-sales-hub.svg,"10,943",4.4 out of 5,Sales Tools,
ClickUp,"Supercharge your sales process with Sales Hub, a powerful and easy-to-use sales CRM that includes sales engagement tools, configure-price-quote (CPQ) functionality, and robust sales analytics for growing teams. Sales Hub is built on the HubSpot CRM platform where customer data, tools, and teams come together to create a single source-of-truth for unprecedented sales rep efficiency. When using the full CRM platform, reps can get richer insights, warmer leads, and aligned enablement materials to help them operate at max efficiency. Plus, tap into our expansive ecosystem of app and solutions partners to craft an exceptional end-to-end customer experience. Whether it’s strategies, services, or software — HubSpot allows you to scale your company, not complexity. HubSpot has everything you need to grow better.",https://images.g2crowd.com/uploads/product/hd_favicon/b675771627028c890e21cb68228a24e9/clickup.svg,"9,202",4.7 out of 5,Sales Tools,
Close,"Close is the sales engagement CRM designed to help SMBs turn more leads into revenue. We’re dedicated to the business of the future: smart, agile teams who work remotely. If you’re a tech-enabled team who needs to scale without overpaying for enterprise software, you’ve found the right sales tool. Close lets you email, call, and text your leads — all without add-ons. Packed with productivity tools like Call Assistant, Workflows, task reminders, and Power Dialer, you’ll reach more leads, follow up more often, and close more deals. All in a single timeline for ultimate team transparency. Our built-in call coaching also helps sales leaders coach their reps to doubling performance, all within their CRM. Close is the only CRM focused solely on the needs of SMBs and scaling teams, and our customers will always feel fully supported. Start a free trial today.",https://images.g2crowd.com/uploads/product/hd_favicon/4530253100dd718d26cd92288bbf7656/close.svg,808,4.7 out of 5,Sales Tools,
Monday Sales CRM,"monday sales CRM is a dedicated sales platform that enables business owners, sales teams, and RevOps to manage the entire sales cycle from pre- to post-sales — managing all customer data in one centralized place. Capture leads, manage contact communication, automate manual processes, and track every deal status so that no opportunity slips through the cracks. Then, analyze sales processes using real-time data in customizable dashboards. Once a deal is won, all post-sales activities can be managed directly from monday sales CRM. This connects all company stakeholders, like finance, legal, and account managers to all relevant information, to ensure smooth billing, contracting, onboarding, and more. Find these key CRM features available on monday sales CRM: - Mass emails & HTML editor - Shared email inboxes - AI email generator - Funnel chart - Leaderboard - Mobile CRM experience - Deal stages monday sales CRM integrates with most sales apps and tools to ensure work is done as efficiently as possible.",https://images.g2crowd.com/uploads/product/hd_favicon/1dba9db421a5ed95361fde3099f79fa0/monday-sales-crm.svg,772,4.6 out of 5,Sales Tools,
ActiveCampaign for Sales,"ActiveCampaign’s for Sales optimizes your entire sales process with powerful sales automation to improve the way you capture, qualify, and engage leads to win more business. The CRM lets you bring in information from all of your interactions, across all of your channels so you can build stronger pipelines. And helps you use that data to personalize sales experiences and engage leads more effectively so you can invest your effort on connections that are most likely to convert. All the while delivering valuable insights from each and every interaction to improve performance across your team. No matter where you are in building out your sales team, our CRM has the sales tools you need to help your team meet today’s quota and surpass tomorrow’s goals.",https://images.g2crowd.com/uploads/product/hd_favicon/be9e1369027bd58113f937595c7fbdf0/activecampaign-for-sales.svg,"1,683",4.4 out of 5,Sales Tools,
SAP Sales Cloud ,"SAP Sales Cloud is a cutting-edge sales automation platform / CRM that helps organizations make intelligent selling simple, through connection, insight, and adaptability. Leveraging SAP Sales Cloud, organizations can connect and optimize sales processes. Connect data and sales processes: Unite data, processes, and people to deliver effective sales engagements that drive revenue and customer loyalty Leverage insight to accelerate sales: Guide sales actions through intelligent recommendations that remove guesswork and help sellers focus on the right business Adapt and capture new opportunities: Provide the flexibility to overcome challenges and unique requirements as they shift with new market opportunitiesSAP Sales Cloud is a cutting-edge sales automation platform / CRM that helps organizations make intelligent selling simple, through connection, insight, and adaptability. Leveraging SAP Sales Cloud, organizations can connect and optimize sales processes. Connect data and sales processes: Unite data, processes, and people to deliver effective sales engagements that drive revenue and customer loyalty Leverage insight to accelerate sales: Guide sales actions through intelligent recommendations that remove guesswork and help sellers focus on the right business Adapt and capture new opportunities: Provide the flexibility to overcome challenges and unique requirements as they shift with new market opportunities",https://images.g2crowd.com/uploads/product/hd_favicon/b0844d5fcc6ad47046cbf81bed040395/sap-sap-sales-cloud.svg,731,4.1 out of 5,Sales Tools,
Bigin by Zoho CRM ,"Bigin by Zoho CRM is a simplified customer relationship management (CRM) software designed specifically for small businesses, startups and teams! Trusted by 20,000+ businesses, Bigin helps small businesses unify all customer-facing operations— marketing, sales, onboarding, delivery, and support and manage customer relationships effectively. What makes Bigin unique and a compelling choice for any business? - Simplicity and ease-of-use. - Designed for small businesses, startups, SMBs, customer-facing teams. - End-to-end mobile accessibility - Affordable pricing - Streamlined customer operations - Smooth collaboration and teamwork",https://images.g2crowd.com/uploads/product/hd_favicon/6192e214449f052a49d73112e561658a/bigin-by-zoho-crm.svg,263,4.5 out of 5,Sales Tools,
Freshsales,"Freshsales is a full-fledged sales force automation solution for sales teams. It provides everything a salesperson needs to— attract quality leads, engage in contextual conversations, drive deals with AI-powered insights, and nurture customer relationships. With built-in email, phone, chat, and telephony, Freshsales empowers sales teams with more time for selling by automating the sales process and increases efficiency and productivity in their daily activities. With Freddy AI, salespeople can get insights into the best deals to go after and what actions to take and predict revenue with sales forecasting. Businesses can take the next step forward towards powerful pipeline management with Freshsales. Also, the option to use native CPQ makes generating and sharing quotes and other vital sales assets hassle-free. If you need a solution for your marketing teams to organize customer information, personalize and automate email campaigns, and find the right sales opportunities, then Freshsales Suite fits the bill. It is an all-in-one solution for sales and marketing teams. It provides sales force automation, marketing automation, chat, and telephony to meet your goals in one solution.",https://images.g2crowd.com/uploads/product/hd_favicon/020ad5e0a844bc41d785abdf657d7623/freshsales.svg,"1,110",4.5 out of 5,Sales Tools,
Thryv,"Thryv is an all-in-one small business management software that helps you streamline your business so you can get back to the things you love. Small business owners communicate better, solve more business challenges and get more organized with Thryv. Partner with Thryv to surpass your customers’ expectations and fortify your online presence, all from a single login. Thryv includes our best-in-class support, available anytime, 24/7, with experts who understand the goals and unique needs of small business owners. Thryv handles: • Customer communications • Estimates, invoicing and payments • Appointment scheduling • Reputation management • Social media management • and more! Thryv’s award-winning software is helping over 45,000 businesses across the U.S., Canada and Australia transform how they do business and manage their customers. Thryv automates tasks and puts customers at the center of your business, with one easy-to-use software, making it easy to reach more customers, stay organized, get paid faster and automatically generate reviews. Thryv makes it easy for customers to: • Find you online through ratings and reviews, social presence and accurate search results. • Interact easily and instantly, receive reminders, send texts and emails and schedule appointments. • Pay you effortlessly, receive receipts instantly, know it’s safe and secure and choose how to pay. • Stay engaged with automated messages that ask them back, stay in touch and request reviews. Thryv’s award-winning software is helping over 45,000 businesses across the US, Canada and Australia transform how they do business and manage their customers.",https://images.g2crowd.com/uploads/product/hd_favicon/c3c934e3769404a1244124d1025ae050/thryv.svg,264,4.6 out of 5,Sales Tools,
HubSpot Marketing Hub,"The job is tough for modern marketers. Either you’re juggling various point solutions, or you’re stuck with tools that are powerful yet impossible to use. This means scattered customer data, lackluster marketing, and too much time spent fussing with software. But it doesn’t have to be that way. With Marketing Hub, all your marketing tools and data are on one easy-to-use, powerful platform. You’ll save valuable time and get all the context you need to provide a personalized experience that attracts and converts the right customers at scale. Plus, marketers can keep data at the center of everything they do because Marketing Hub is built as part of the HubSpot CRM platform. When using the full CRM platform, marketers can achieve unparalleled alignment with sales to prove ROI and validate investments. Whether it’s strategies, services, or software — HubSpot allows you to scale your company, not complexity. HubSpot has everything you need to grow better.",https://images.g2crowd.com/uploads/product/hd_favicon/6e246ff896f288b2dc8d7d22f68db0a8/hubspot-marketing-hub.svg,"10,619",4.4 out of 5,Marketing,
Insider,"Insider—a single platform for building individualized, cross-channel experiences—enables enterprise marketers to connect customer data across channels and systems, predict their future behavior with an AI intent engine, and build individualized customer experiences. Marketers use Insider’s platform to deliver consistent and engaging experiences across Web, App, Web Push, Email, SMS, WhatsApp Commerce, and more. Having recently unlocked unicorn status, Insider was also congratulated by NASDAQ for becoming one of the only woman-founded, women-led B2B SaaS unicorns in the world. Insider was named a leader in the Gartner Magic Quadrant for Personalization Engines 2023, The Forrester Wave for Cross-Channel Campaign Management 2021, IDC MarketScape WorldWide Omni-Channel Marketing Platforms for B2C Enterprises 2023 Assessment, and IDC MarketScape: Worldwide Customer Data Platforms Focused on Front-Office Users 2021-22 Vendor Assessment. The company has been named the #6 Best Software Company in the world, according to G2’s Spring’23 reports. Insider is also the #1 G2 Leader in 6+ categories, including Customer Data Platforms (CDP), Personalization Engines, Personalization Software, Mobile Marketing, Customer Journey Analytics, and E-commerce Personalization. CrunchBase recently ranked Insider’s co-founder and CEO Hande Cilingir as one of the top women CEOs outside the US. One-third of Fortune 500 companies and top brands across retail, automotive, and travel choose Insider to deliver AI-led personalized experiences that exceed customer expectations. Insider is trusted by over 1,200 global businesses, including Singapore Airlines, Estée Lauder, Virgin, Toyota, New Balance, IKEA, GAP, L’Oreal, Samsung, Vodafone, Allianz, Santander, BBVA, Pizza Hut, Newsweek, MediaMarkt, Nissan, AVIS, MAC, Marks & Spencer, Madeira Madeira, Avon, and CNN.",https://images.g2crowd.com/uploads/product/hd_favicon/a6af115fa71217a700acdbf58f642756/insider.svg,857,4.8 out of 5,Marketing,
ActiveCampaign for Marketing,"ActiveCampaign for Marketing connects every tool and channel you use in your business to engage customers at every state of the customer lifecycle. Harness data from email marketing, social media, digital advertising, and your website, to tailor personalized touchpoints with your contacts – ensuring your marketing is effective, engaging, and memorable without costing you time. We put automation to work for you so you can focus on the personal touches that set your business apart, and ensure that you haven’t missed a step with any of your customers. What are some of the things you can do with ActiveCampaign? -Automate personalized experiences across all your customer touchpoints -Track buyer preferences, behavior, and many custom attributes across the entire customer lifecycle for deeper segmentation and more effective outreach -Customize sends based on almost any parameter, so your messages are always targeted for the right audience -Use data from the entire customer lifecycle to choose the best content, send time, and delivery channel for each customer -Create entirely customized campaigns with minimal effort, then improve your send strategy in real time based on customer behaviors -Replicate the 1-1 personal experience for every customer, no matter how big your business gets",https://images.g2crowd.com/uploads/product/hd_favicon/801054e8a71b38210b44b4399516e8c1/activecampaign-for-marketing.svg,"10,632",4.5 out of 5,Marketing,
Mailchimp All-in-One Marketing Platform,"Mailchimp is the #1 Email Marketing and Automations platform for growing businesses. We empower more than 12 Million customers around the world to launch, build, and grow their businesses with world-class marketing technology, award-winning customer support, inspiring content and our data-driven recommendations Mailchimp’s marketing platform allows our customers to get online and start selling, connect with and grow their audience, and confidently create effective multichannel marketing campaigns across email, social media, landing pages, ads, websites, and more—all from one place. More than 12 Million businesses including TEDTalks, Shutterstock, Boston Market, Nikon India trust Mailchimp to turn their emails into revenue. Founded in 2001 and based in Atlanta with offices in Brooklyn, Oakland, Vancouver, London, Seattle, and Santa Monica, Mailchimp has 1,200+ employees. In 2021, Mailchimp was acquired by Intuit.",https://images.g2crowd.com/uploads/product/hd_favicon/a37cfb0864849a5867bf8298de8c7304/mailchimp-all-in-one-marketing-platform.svg,"5,076",4.4 out of 5,Marketing,
Klaviyo,"Klaviyo powers smarter digital relationships with an intelligent marketing automation platform that is fueled by all of your customer and designed from day one for scale. Built on a flexible, real-time database that centralizes all your customer data — from your entire tech stack, for any length of time, in full granular detail — Klaviyo makes it easy to create, deliver, and optimize incredibly sophisticated and personalized experiences across email, SMS, mobile apps, reviews, the web, paid ads, and more. Join more than 130K paying customers using Klaviyo to increase conversions and customer lifetime value — and grow on their own terms. Learn more at klaviyo.com.",https://images.g2crowd.com/uploads/product/hd_favicon/e05962a9c2200d64db94bd586e527764/klaviyo.svg,"1,009",4.6 out of 5,Marketing,
SlickText,"Easy-to-use and powerful. The trusted leader in text marketing, SlickText helps create valuable connections with your customers through targeted, action-driving text messages. With SlickText, subscriber growth is easy with tools like website popups, landing pages, custom QR codes, and third-party integrations. You'll be able to engage your audience in meaningful ways that make mass text messaging personal so you can build loyalty and action. Our automated workflow tool allows you to create automated SMS sequences that engage with people one-on-one. No coding required. SlickText is known for an intuitive, easy to navigate platform coupled with responsive customer service. Their knowledge of compliance and best practices helps them actively create wins for their users.",https://images.g2crowd.com/uploads/product/hd_favicon/c12f70cd905fbc5b96708ce575b49c7c/slicktext.svg,"1,032",4.8 out of 5,Marketing,
Birdeye,"Birdeye is the highest-rated all-in-one reputation and customer experience platform for local businesses and brands. Over 100,000 businesses use Birdeye’s all-in-one platform to effortlessly manage online reputation, connect with prospects through digital channels, and gain customer experience insights to grow sales and thrive.",https://images.g2crowd.com/uploads/product/hd_favicon/514fe0a03abf96030f2ff069dc84ec93/birdeye.svg,"2,323",4.8 out of 5,Marketing,
Netcore Email API (formerly Pepipost),"Netcore Email API is a cloud-based email delivery service helping businesses send their important emails like notifications, newsletters, updates, etc. Everyone loves our Email API because it focuses on what matters: deliverability, pricing, and good analytics. Our highly scalable platform is capable of delivering billions of emails every hour with the best inbox rates. Easy integration and disruptive pricing model make Netcore Email API the ideal email delivery partner for both burgeoning startups and industry bigwigs. You can choose between SMTP or HTTP API. We are on the leader's board in transactional email and email deliverability.",https://images.g2crowd.com/uploads/product/hd_favicon/0fe6bedb40e97f057ee99ecc629c53af/netcore-email-api-formerly-pepipost.svg,494,4.4 out of 5,Marketing,
Amazon Simple Email Service (Amazon SES),Amazon Simple Email Service (Amazon SES) is a bulk and transactional email-sending service.,https://images.g2crowd.com/uploads/product/hd_favicon/1528476511/amazon-simple-email-service-amazon-ses.svg,171,4.3 out of 5,Marketing,
Brevo Transactional Email,"At Brevo, we understand that effective email campaigns and transactional emails are essential for businesses to deliver timely and personalized communications straight to your customers' inboxes. That's why we offer our powerful Email Messaging solution designed to simplify and enhance your email delivery process, ensuring your messages reach the right audience at the right time. Deliver with Confidence Trust Brevo's Email Messaging to reliably and efficiently deliver your important messages, including order confirmations and account updates. Our platform handles high email volumes, ensuring optimal deliverability. Create stunning emails without any graphic design skills Start from scratch or use a free template. The Drag & Drop editor makes email design effortless. Easy Integration and Customization Seamlessly integrate Brevo's Transactional Email with your existing systems using our robust API and SMTP options. Customize transactional emails effortlessly to match your brand's unique style. Powerful Automation Capabilities Save time with Brevo's advanced automation features. Automate transactional email workflows based on customer actions, ensuring timely and relevant communication throughout the customer journey. Reliable Delivery Monitoring and Analytics Track performance with comprehensive delivery monitoring and analytics. Gain insights into open rates and click-through rates to optimize your transactional email strategy. Secure and Scalable Infrastructure Rest easy knowing your transactional emails are sent securely. Brevo's platform includes robust security measures to protect customer information and ensure compliance. Start Sending Today Experience the power and simplicity of Brevo's Email Messaging. Whether you're a small business or enterprise, we have tailored plans to meet your needs. Learn more and start for free at www.brevo.com/products/transactional-email Get a custom quote: https://www.brevo.com/plus/contact/",https://images.g2crowd.com/uploads/product/hd_favicon/6e2ff100220158bc579d1ee68289d603/brevo-transactional-email.svg,992,4.6 out of 5,Marketing,
Shopify,"Shopify is the leading cloud-based, multichannel commerce platform designed for small and medium-sized businesses. Merchants can use the software to design, set up, and manage their stores across multiple sales channels, including web, mobile, social media, marketplaces, brick-and-mortar locations, and pop-up shops. The platform also provides merchants with a powerful back-office and a single view of their business. The Shopify platform was engineered for reliability and scale, using enterprise-level technology made available to businesses of all sizes. Shopify currently powers over 800,000 businesses in approximately 150 countries and is trusted by brands such as Tesla Motors, Budweiser, Red Bull, LA Lakers, the New York Stock Exchange, GoldieBlox, and many more. For a demo, please visit: https://docs.shopify.com/webinars",https://images.g2crowd.com/uploads/product/hd_favicon/35dd8dc3f84d1a799e31ceacd386b12e/shopify.svg,"4,456",4.4 out of 5,Commerce,
Shopify Plus,"Shopify Plus is the commerce platform for enterprise high-growth, high-volume brands, coupling speed and agility with the scalable foundation they need to grow bigger, faster. Our platform enables brands to break the rules of commerce through: - Unlimited extensibility, integrations, and customization through Shopify apps and partners - Custom automation with apps like Shopify Flow, Launchpad, and Scripts - Accelerated and customizable checkout - Localized customer experiences with global storefronts Shopify Plus powers 10,000+ of the fastest growing brands in the world, including FashionNova, Budweiser, RedBull, Colourpop, and more. To learn more and see a demo, please visit: https://www.shopify.com/plus",https://images.g2crowd.com/uploads/product/hd_favicon/fcdd25678a56ddde6ecef634ec61af75/shopify-plus.svg,437,4.4 out of 5,Commerce,
WooCommerce,"WooCommerce is the most popular WordPress eCommerce plugin. And it's available for free. Packed full of features, perfectly integrated into your self-hosted WordPress website. Add powerful shop facilities to your WordPress website with our free eCommerce plugin. Powering over 24% of all online shops, WooCommerce helps you sell anything. Beautifully.",https://images.g2crowd.com/uploads/product/hd_favicon/c9dc0ec537e4ff0d05345dda3a3fbefb/woocommerce.svg,"1,108",4.4 out of 5,Commerce,
Salesforce Commerce for B2C,"Salesforce B2C Commerce empowers customers to quickly grow profitability. Customers of all sizes can build pixel-perfect experiences and embed commerce into every touchpoint with templates, composability and headless APIs. Meanwhile automated AI helps cut costs and driver merchandiser productivity. By connecting the shopping journey across unified marketing, service and order fulfillment, companies can deliver seamless, personalized experiences across all consumer touchpoints with a single view of the customer. B2C Commerce is the only platform that is trusted to deliver success to our customers every day, every month and every holiday at global scale.",https://images.g2crowd.com/uploads/product/hd_favicon/fd541ad2c2ea0b5dcbcebd983ac23e6a/salesforce-commerce-for-b2c.svg,336,4.2 out of 5,Commerce,
Wix,"Build and scale your business online with confidence using Wix. With lightning-fast web performance, enterprise-grade security, and reliable infrastructure, you can rest assured that your site will always be up and running. And with Wix you get much more than a website builder—from online scheduling to payments, deep branding and eCommerce solutions, you can take your site in any direction you want. When it comes to managing a business online, it’s never been more intuitive, with leading SEO and marketing tools, advanced analytics and even a mobile app, you can stay on top of everything, from anywhere. Join millions of users who’ve used Wix to help them achieve their online goals. What are the main features of Wix? • Smart drag-and-drop editor to intuitively create your site • 900+ strategically designed website templates • Advanced SEO features to optimize for search engines • Powerful eCommerce solutions to manage your store and sell online • Online scheduling software that delivers a seamless booking experience for your clients • Built-in marketing tools to help manage and grow your business online • Full blogging capabilities that help you grow a loyal audience and monetize content • Full-stack web dev tools for custom functionality",https://images.g2crowd.com/uploads/product/image/size_154_by_154/size_154_by_154_c1309f9c31f9c3bd6f946d5e864cffca/wix.png,"1,623",4.2 out of 5,Commerce,
PayPro Global,"PayPro Global (founded 2006) is a provider of premium e-commerce solutions designed for software, Saas and digital goods companies. We deliver complete automation of the online sales management & optimization process through highly efficient in-house tools. Our user-optimized platform offers our partners: _ A truly global solution with 110 currencies and over 70 payment methods to expand your business worldwide; _ A high-performing and secure online processing system with dynamic pricing and billing schemes to minimize payment issues; _ Flawless recurring payments and subscription management systems to simplify your administrative work and consolidate your revenue streams; _ Customer development and loyalty features with top conversion and optimization tools to create enjoyable customer experiences and nurture future acquisitions; _ And an integrated customer support to professionally handle all purchasing, billing and potential chargebacks or disputes with your customers",https://images.g2crowd.com/uploads/product/hd_favicon/4f069f5bb1ae656079763b12580d9a3a/payproglobal.svg,75,4.9 out of 5,Commerce,
ShipStation,"Import, manage & ship your orders with ShipStation, the #1 choice of ecommerce sellers. We integrate with over 150 of the most popular marketplaces, shopping carts, & carriers. Plus, you can have as many selling channels & carriers as you need. With ShipStation you get exclusive carrier discounts of up to: 88% off UPS International, 77% off UPS Ground, 84% off USPS Retail Prices, and 75% off DHL Express. Prevent errors & cut your shipping time in half by starting your free 30-day trial today.",https://images.g2crowd.com/uploads/product/hd_favicon/1505401031/shipstation.svg,516,4.3 out of 5,Commerce,
Convictional,"Convictional helps established retailers launch new cross-selling, dropship and marketplace programs. Our platform is used by retailers to source, onboard, and transact with any supplier, including our network of over 5,000 curated dropship vendors. Our customers onboard brands in less than one day via integrations with Shopify, Magento 2, BigCommerce, WooCommerce, as well as CSV uploads and support for EDI. For qualifying retailers, we’ll work with your team to identify brands and categories your customers will love, while ensuring they meet your curation standards and business requirements. Companies like Indigo, Harry Rosen, The Fascination, HD Supply, Scandiborn and more use our platform to onboard and dropship with new brands and launch new categories. Our customers see reduced onboarding times, faster assortment growth, and reduced headcount dedicated to onboarding vendors, all while growing online sales. For more information, visit convictional.com",https://images.g2crowd.com/uploads/product/hd_favicon/c2d58007f33fb33c00744cd259a99ecf/convictional.svg,123,4.4 out of 5,Commerce,
Bloomreach,"Bloomreach is the world’s #1 Commerce Experience Cloud, empowering brands to deliver customer journeys so personalized, they feel like magic. It offers a suite of products that drive true personalization and digital commerce growth, including: Discovery, offering AI-driven search and merchandising; Content, offering a headless CMS; and Engagement, offering a leading CDP and marketing automation solutions. Together, these solutions combine the power of unified customer and product data with the speed and scale of AI-optimization, enabling revenue-driving digital commerce experiences that convert on any channel and every journey. Bloomreach serves over 850 global brands including Albertsons, Bosch, Puma, FC Bayern München, and Marks & Spencer. For more information, visit Bloomreach.com. (Exponea was acquired by Bloomreach in 2021.)",https://images.g2crowd.com/uploads/product/hd_favicon/acd3373828bc7684cdbada5df73826f4/bloomreach-bloomreach.svg,527,4.6 out of 5,Commerce,
Moosend,"Moosend is a powerful email marketing automation software with world-class features, state-of-the-art automation flows, and lead generation tools that help you grow your business from day one whilst maintaining an award-winning all-in-one user interface. -Send email marketing campaigns Create beautiful, professional email campaigns to engage with your audience like a pro. -Manage Your Audience Send the right email to the right audience using our advanced segmentation features, get organized with subscriber tags, and minimize unsubscribes. -Grow Your Audience Create, launch and optimize stunning landing pages and subscription forms, all with one tool. -Automate Your Marketing Automate repetitive tasks, and create delightful personalized digital experiences for your customers. -Track Your Efforts Measure your marketing success and collect powerful data for better decision-making. You can try Moosend's for free and try all of our SMB and Enterprise features for free! No credit card is required. Get started for as low as $9/month or contact our sales team to build a custom plan to support your business needs. Copy and paste into your browser the following links to: -Try Moosend for free: https://moosend.com/register/ -Get a Custom Quote: https://moosend.com/contact-us/sales/",https://images.g2crowd.com/uploads/product/hd_favicon/1504187624/moosend.svg,606,4.7 out of 5,Commerce,
Adobe After Effects,Animation and creative compositing software used by a wide variety of motion graphics and visual effects artists,https://images.g2crowd.com/uploads/product/hd_favicon/3ec85167aa9dde878519b67f8d1020cc/adobe-after-effects.svg,"1,029",4.6 out of 5,Video Design,
Animaker,"Animaker is disrupting the way companies train, teach, motivate, sell, communicate, view and distribute content via DIY professional live and/or animated videos in minutes. Visa, Johnson & Johnson, GSK, McDonald's, Dell Tech are some of the 15 Million users in 220 countries. Quickly, without technical expertise, create professional 4k quality videos (animated or live) for On-boarding, Marketing, Branding, Simplify Complex Concepts, etc. in minutes allowing companies to easily adapt to market changes to create competitive advantage.",https://images.g2crowd.com/uploads/product/hd_favicon/e57ddc8c3c823516e5d3936d7b3bde03/animaker.svg,575,4.7 out of 5,Video Design,
Vyond,"Expert Results Without The Effort. Make Engaging Videos In Seconds. Vyond is the AI-powered video creation platform that puts the power of a video production studio - from script writing to finished video - right at your fingertips. Use Vyond Go, the industry’s first generative AI-powered script and video creator to instantly create a rough-cut video from a simple text prompt. Then use Vyond Studio, our powerful drag-and-drop video creator, to either edit those videos or create original videos with the help of thousands of pre-made characters, templates, and backgrounds. Vyond is built to help you communicate better. Easily and efficiently create professional videos that level-up your business communications. Command the attention of today’s distracted stakeholders with engaging videos relevant to any industry and job role. Rest assured that your data is secure within our built-for-the-enterprise platform that is ISO 27001 certified (for all locations and use cases), and GDPR and CCPA compliant. Vyond Go: The AI-Powered Script and Video Creator We’re taking video creation from easy to instant with Vyond Go. Enter a prompt or drop in your pre-existing content to instantly create a script, and watch as Vyond creates a video in seconds. Use our simple text-based editor to quickly polish your video, then deploy your video as-is or take it into Vyond Studio for fine-tuning. Vyond Studio: A Powerful Drag-and-Drop Video Creator Get full video creation and editing capability with our powerful, drag-and-drop, timeline based video creator. Hundreds of premade templates, 40,000+ props, and a fully-featured character creator provide the detail and relevancy to build the exact video you need for any industry or use case.",https://images.g2crowd.com/uploads/product/image/large_detail/large_detail_7ef1426223b005557941f161927b4a3c/vyond.png,275,4.7 out of 5,Video Design,
Maya,"Bring your imagination to life with Maya® 3D animation, modeling, simulation, and rendering software. Maya helps artists tell their story with one fast, creative toolset.",https://images.g2crowd.com/uploads/product/hd_favicon/ee4d500357b47c4bcf3c276a370e1750/maya.svg,250,4.3 out of 5,Video Design,
Unity ,"Unity is the world’s leading platform for creating and operating interactive, RT3D content. Creators, ranging from game developers to artists, architects,and automotive designers to filmmakers and more, use Unity to make their imaginations come to life. The Unity platform provides a comprehensive set of software solutions to create and operate real-time 2D and 3D content for multiple platforms, including mobile phones, tablets, PCs, consoles, and augmented and virtual reality devices.",https://images.g2crowd.com/uploads/product/hd_favicon/8d37490d4121959e2e924bfc90695055/unity.svg,345,4.6 out of 5,Video Design,
Adobe Animate,Official Customer Support account for Adobe,https://images.g2crowd.com/uploads/product/hd_favicon/546ef5ed88bf1e1303b12740736e1f7c/adobe-animate.svg,130,4.0 out of 5,Video Design,
Renderforest,"Renderforest is an all-in-one branding platform offering users the best online tools to create high-quality videos, graphic designs, logos, mockups, and websites with minimal time and effort. Start the creation process with the online logo maker to build a unique and memorable brand without hiring a design team. The tool allows you to craft high-resolution, custom logos tailored for different needs and download them in just a few clicks. Use realistic mockups to display your design on various objects and layouts. From the ever-growing library of ready-to-use mockup templates, select the one you like the most, upload your files, alter the colors, and get high-quality visuals. The video editor allows you to make studio-quality explainer animations, logo reveals, intros, slideshows, and many other types of videos without any technical skills. All you need to do is browse the video template library, choose your favorite one, edit it right in the browser, and have an engaging video ready in a blink. Create responsive and modern websites without any coding knowledge. Assemble a website from scratch or edit the pre-designed templates using the built-in tools. Customize your website to your heart's content, see how it looks on different devices, and publish it with a single click. Use the intuitive tools of the graphic maker to design impressive Go through the categories of ready-to-use design packs, pick a template, customize it, and download your file.",https://images.g2crowd.com/uploads/product/hd_favicon/2cbf84ec1c7165a0c941c817dafb57c9/renderforest.svg,437,4.7 out of 5,Video Design,
Blender,"Blender is an open source 3D creation suite that supports the 3D pipeline, modeling, rigging, animation, simulation, rendering, compositing, and motion tracking, video editing, and game creation.",https://images.g2crowd.com/uploads/product/image/size_382_by_382/size_382_by_382_6112c138e20f80a02a073469ac6e865c/blender.gif,285,4.6 out of 5,Video Design,
Google Compute Engine,Compute Engine is Google's infrastructure as a service (IaaS) platform for organizations to create and run cloud-based virtual machines.,https://images.g2crowd.com/uploads/product/hd_favicon/112ea87cf5f7fb4aea8f042c6bdd3bdd/google-compute-engine.svg,535,4.5 out of 5,IT Management,
n0ps,"nOps is an automated FinOps platform helping customers reduce their AWS costs by up to 50% on auto-pilot. With nOps, our customers can benefit in two key ways: First, pay less for what you use without the financial risk. Second, nOps enables you to use less by automatically pausing idle resources. nOps is fully automated, allowing our customers to focus on innovation, growth, and customer experience. Here is a list of the solutions nOps uses to accomplish this: Risk-free RI management for EC2 and RDS Capture the savings of RIs without making the commitment. nOps will fully automate this process on the backend and take on the risk Resource Scheduler Automatically stop, start, or optimize resources based on the usage pattern Automated Auto-Scaling Automatically manage Auto Scaling groups with on-demand and spot instances to maximize cost saving Cloud Management Platform (free – no fees) Provides detailed usage dashboards, reports, automatic cost allocation and out-of-the-box cost optimization recommendations Includes tools for automated Well-Architected Reviews and MAP tracking/tagging",https://images.g2crowd.com/uploads/product/hd_favicon/60452a5ef11db54e49e8d615d242c118/nops.svg,121,4.8 out of 5,IT Management,
Druva Data Resiliency Cloud,"Data protection and management for SaaS applications With the increasing adoption of cloud apps like Microsoft 365 (formerly Office 365), Google Workspace, and Salesforce, you need a centralized tool to manage and backup all these services. Data within cloud applications translates to increased risk of company data loss and the inability to track, hold, or monitor data for regulatory compliance and legal obligations. Druva, with its cloud app integration, enables enterprises to regain control and address these challenges by providing a centralized system for the management, governance, and recovery of user data — no matter where the data resides. Druva™ delivers unified data protection, management, and information governance for cloud applications. Delivered as-a-service, Druva inSync for SaaS applications simplifies backup, archival, and compliance to reduce the cost and complexity of protecting online data, ensure regulatory compliance, and improve data visibility. With a single pane of glass for management, your SaaS applications are protected without impacting end-user productivity Explore the virtual tour: http://www.druva.com/insync/virtual-tour About Druva Druva enables cyber, data and operational resilience for every organization with the Data Resiliency Cloud, the industry’s first and only at scale SaaS solution. Customers can radically simplify data protection, streamline data governance, and gain data visibility and insights as they accelerate cloud adoption. Druva pioneered a SaaS-based approach to eliminate complex infrastructure and related management costs, and deliver data resilience via a single platform spanning multiple geographies and clouds. Druva is trusted by thousands of enterprises, including 60 of Fortune 500, to make data more resilient and accelerate their journey to the cloud. Visit druva.com and follow us on LinkedIn, Twitter and Facebook.",https://images.g2crowd.com/uploads/product/hd_favicon/ebdff78cdbbccedbbd18e9555530af8e/druva-data-resiliency-cloud.svg,490,4.6 out of 5,IT Management,
Unitrends Backup and Recovery,"Unitrends Data Center Backup and Recovery offers a Unified BCDR solution enabling our users to address the challenges of today with a complete, agile solution designed to backup, secure and recover all workloads. The platform encompasses protection for traditional data center infrastructure as well as cloud-based IaaS workloads, SaaS applications and the data being generated on endpoint devices such as laptops and PCs. Purposeful integrations with security tools provide end-to-end protection against cybercrime and human error, while automation and artificial intelligence is injected into the platform to simplify complex systems and provide a unified experience with visibility across a complete backup infrastructure.",https://images.g2crowd.com/uploads/product/hd_favicon/fcb52dfa6df4eeff082ebece40d29ed2/unitrends-backup-and-recovery.svg,391,4.3 out of 5,IT Management,
NinjaOne (formerly NinjaRMM),"NinjaOne is the Unified IT Management platform that simplifies the way IT teams work through workflow and device management unification. Our platform includes device management, patch management, software management, task automation, remote access, backup, ticketing, and documentation all into a single-pane-of-glass. 10,000 IT teams and MSPs around the world leverage NinjaOne to manage their IT estate. NinjaOne is consistently ranked #1 for its world class customer support and has been recognized as the best rated software in its category on G2 and Gartner Digital Markets for the past 6 years.",https://images.g2crowd.com/uploads/product/hd_favicon/b93de9d95a1cd4664b2e651d3819cea5/ninjaone-formerly-ninjarmm.svg,947,4.8 out of 5,IT Management,
Scrut Automation,"Scrut is a one-stop shop for compliance. Scrut is an automation platform that 24/7 monitors and collects evidence of an organisation’s security controls while streamlining compliance to assure audit readiness. Our software provides the fastest solution for achieving and maintaining SOC 2, ISO 27001, HIPAA, PCI, or GDPR compliance in a single place so that you can focus on your business and leave compliance to us. Scrut handles all the infosec compliance standards and internal SOPs in a single-window dashboard. Scrut automatically maps the evidence to applicable clauses across multiple standards while eliminating redundant and repetitive tasks – saving your money and time.",https://images.g2crowd.com/uploads/product/hd_favicon/1bb72ddf82170ed7a1a0f70d88cd0ab9/scrut-automation.svg,657,4.9 out of 5,IT Management,
SolarWinds Service Desk,"SolarWinds Service Desk, previously Samanage Service Platform, is an award-winning, fully integrated cloud-based service desk and IT asset management solution. With thousands of highly rated reviews across many directories, SolarWinds Service Desk is one of the world’s premier IT service management platforms. Based on ITSM best practices to create a platform that is as usable as it is cutting-edge by incorporating automation, artificial intelligence, and machine learning to help streamline IT support services and empower employee self-service. SolarWinds Service Desk provides businesses of all sizes an easy to use and affordable ITSM solution that can easily scale as your technology infrastructure and business needs evolve.",https://images.g2crowd.com/uploads/product/image/size_382_by_382/size_382_by_382_6800fe6580db411c8c74f61f14f7f09d/solarwinds-service-desk.png,702,4.3 out of 5,IT Management,
Jamf Pro,"By concentrating on helping organizations succeed with Apple, Jamf provides an industry-leading device management solution for IT. With powerful management and customization options, Jamf Pro delivers everything IT needs to maximize their time and enable end users to be more creative, productive and happier.",https://images.g2crowd.com/uploads/product/image/size_382_by_382/size_382_by_382_19a48a46819c62e1ec30ee9fa379eabb/jamf-pro.jpg,"1,580",4.7 out of 5,IT Management,
Kandji,"We’re Kandji: the Apple device management and security platform that empowers secure and productive global work. Through advanced automation and thoughtful experiences, we’re bringing much-needed harmony to the way admins, end-users, and global teams work today and tomorrow.",https://images.g2crowd.com/uploads/product/hd_favicon/46abdffb4718702bc2dcc9c0ca7ca1f2/kandji.svg,302,4.8 out of 5,IT Management,
Scalefusion,"Ambitious companies around the world trust Scalefusion to secure and manage endpoints including smartphones, tablets, laptops, rugged devices, Point of Sale (POS), and digital signages. Our mission is to make Device Management simple and effortless along with providing world-class customer support. Scalefusion simplifies the management of a diverse fleet of Android, Windows, iOS, macOS and Linux devices. Our platform extends support to various deployment scenarios such as dedicated-device, COPE (Corporate-owned, Personally Enabled), and BYOD (Bring Your Own Device). Over 8000 businesses globally rely on Scalefusion to manage their company-owned and employee-owned (BYOD) devices. Organizations big and small from various sectors like Logistics, Healthcare, Retail, Education, Financial Services, and many more use Scalefusion. Solution Offerings by Business Initiative: Mobile Device Management Enterprise Mobility Management Rugged Device Management Bring Your Own Device (BYOD) Unified Endpoint Management Supported Operating Systems: Android Management Windows Device Management iOS Management macOS Management Linux Management Remarkable Organizations Across the Globe, From Startups To Global Enterprises Trust Scalefusion. We strive to help businesses thrive! Business growth of our customers is our #1 priority, which is why customers across the globe trust us for managing their enterprise mobility. Join the list of our esteemed customers and power your businesses with mobility for success.",https://images.g2crowd.com/uploads/product/hd_favicon/b6d68aef6b998df6b42bd393dde62885/scalefusion.svg,274,4.7 out of 5,IT Management,
Postman,"Postman is the world’s leading API platform, used by more than 30 million developers and 500,000 organizations worldwide for building and managing APIs.",https://images.g2crowd.com/uploads/product/hd_favicon/1535488313/postman.svg,"1,152",4.6 out of 5,Security,
Microsoft Defender for Cloud,"Microsoft Defender for Cloud is a cloud native application protection platform for multicloud and hybrid environments with comprehensive security across the full lifecycle, from development to runtime.",https://images.g2crowd.com/uploads/product/hd_favicon/a8a99a96fda235658139f710592f8a53/microsoft-defender-for-cloud.svg,196,4.4 out of 5,Security,
IBM Security QRadar SIEM,"IBM QRadar SIEM makes it easy to remediate threats faster while maintaining your bottom line. QRadar SIEM prioritizes high-fidelity alerts to help you catch threats that others simply miss. QRadar analytics monitor threat intel, network and user behavior anomalies to prioritize where immediate attention and remediation is needed. When threat actors trigger multiple detection analytics, move across the network or change their behaviors, QRadar SIEM will track each tactic and technique being used. More important, it will correlate, track and identify related activities throughout a kill chain, with a single high-fidelity case, automatically prioritized for you.",https://images.g2crowd.com/uploads/product/hd_favicon/7d76baae79036d41d25c4a6c46e5af43/ibm-security-qradar-siem.svg,403,4.4 out of 5,Security,
KnowBe4 PhishER,"KnowBe4, the provider of the world’s largest security awareness training and simulated phishing platform, created the PhishER platform to help your InfoSec and Security Operations teams cut through the inbox noise and respond to the most dangerous threats more quickly. With PhishER you are able to automate the workstream of the 90% of reported emails that are not threats. PhishER is a simple and easy-to-use web-based platform with critical workstream functionality that serves as your phishing emergency room to identify and respond to user-reported messages. The goal is to help you and your team prioritize as many messages as possible automatically, with an opportunity to review PhishER’s recommended focus points and take the actions you desire. -PhishER processes user-reported phishing and other suspicious emails by grouping and categorizing emails based on rules, tags, and actions. -PhishML, the custom machine-learning module, analyzes messages and generates confidence values which are used to tag messages. -PhishRIP helps you easily find and quarantine suspicious messages still sitting in mailboxes across your entire organization. -PhishFlip automatically turns defanged phishing emails into training opportunities by flipping them into simulated phishing campaigns. -PhishER Plus is powered by an active global threat feed that is crowdsourced from more than 10 million highly trained KnowBe4 end users from across the globe to spot and report on active phishing and social engineering attacks. PhishER Plus was developed to help you supercharge your organization's email security defenses and automatically blocks phishing attacks that your mail filters miss. It's an upgraded subscription level that also includes all the features of PhishER.",https://images.g2crowd.com/uploads/product/hd_favicon/aba32fd8c5f496e028d87ae656d21ba4/knowbe4-phisher.svg,351,4.6 out of 5,Security,
AppSealing,"AppSealing is rated #1 Mobile App Shielding solution. It protects mobile apps in minutes without writing a single line of code. The robust runtime application self-protection (rasp security) features protect your customers and mobile apps from tampering, illegal modifications, and other unknown threats. Protect your mobile apps in runtime from: Reverse engineering IP theft Fraudulent app clones Sensitive data loss, and many other negative outcomes.",https://images.g2crowd.com/uploads/product/image/size_382_by_382/size_382_by_382_aa7d68cceef53738820b5d7766323ec3/appsealing.png,26,4.8 out of 5,Security,
Dotfuscator – App Protection for .NET & Xamarin,"Dotfuscator is an application hardening and obfuscation tool for all .NET platforms. including the latest versions of Xamarin and .NET Core. PreEmptive is a trusted global leader of protection tools for Desktop, Mobile, Cloud, and Internet of Things (IoT) applications. We help organizations make their applications more resistant and resilient to hacking and tampering -- protecting intellectual property, sensitive data and revenue.",https://images.g2crowd.com/uploads/product/hd_favicon/6d20f1484d29fda66db89a336f8c876c/dotfuscator-app-protection-for-net-xamarin.svg,18,4.6 out of 5,Security,
Proofpoint Email Security and Protection,"Proofpoint Email Protection; available as an on-premise or cloud based solution; blocks unwanted, malicious, and impostor email, with granular search capabilities and visibility into all messages. Outbound controls include encryption and data loss prevention, while continuity capabilities ensure business communications can continue as normal in the event of an email outage. With Proofpoint's Email Protection, you can protect your people, data, and brand from today’s threats with: • The ability to detect BEC or malware-free threats using our machine learning impostor classifier (Stateful Composite Scoring Service) • Nearly unlimited email routing capabilities utilizing our advanced email firewall. • Robust reporting and email tracking/tracing using Smart Search. • TAP, DLP, and Encryption built into the same console providing a single pane of glass for management purposes. • Unwanted email management that allows users to decide which emails they would like to see in their inbox.",https://images.g2crowd.com/uploads/product/hd_favicon/4a1907b139c4a010357e1e43943f0717/proofpoint-email-security-and-protection.svg,261,4.6 out of 5,Security,
Virtru,"Virtru makes military-grade encryption easy and affordable. We equip organizations of all sizes to take control of their data with flexible, end-to-end encryption for data flowing in and out of your business. Virtru’s tools are easy to use and integrate seamlessly with Google Workspace/Gmail and Microsoft 365/Outlook, as well as enterprise apps such as Salesforce and Zendesk. Our granular access controls, key management options, DLP rules, and persistent audit help our customers meet even the strictest privacy and compliance requirements, including ITAR, CMMC 2.0, CJIS, HIPAA, and GLBA/FTC Safeguards.  Users can encrypt information with a single click, without leaving their existing workflows, because Virtru is integrated directly inside the apps they use every day. The result is fast, easy security that follows your data everywhere it moves, inside and outside of your organization.",https://images.g2crowd.com/uploads/product/hd_favicon/0e0832a3979b5a6f92f6b266f4a84882/virtru.svg,278,4.4 out of 5,Security,
Webroot Business Endpoint Protection,"It’s the digital armor protecting you and your business from devastating, multi-layered cyberattacks. The truth is, antivirus just isn't enough anymore. Today’s cybercriminals layer their attack methods to maximize the likelihood of success. That's why Webroot Business Endpoint Protection is backed by real-time threat intelligence to protect businesses from threats across email, web browsing, files, URLs, malicious ads, apps, and more. Plus, in the event that a system does get compromised, Webroot Business Endpoint Protection offers unique journaling and rollback remediation that can help return local drives to their uninfected state, minimizing (and even eliminating) the need to reimage systems. Start building out your security layers with Webroot Business Endpoint Protection for defense in depth and a more resilient business. Trials are free for 30 days and the no-software-conflict design means you can install and run it alongside existing security. That way, your business, users and clients never have to worry about gaps in their protection.",https://images.g2crowd.com/uploads/product/hd_favicon/333198c4d117baaa1d1a31f20a5af808/webroot-business-endpoint-protection.svg,517,4.6 out of 5,Security,
Microsoft Defender for Endpoint,"Microsoft Defender for Endpoint is a complete endpoint security solution that delivers preventative protection, post-breach detection, automated investigation, and response. With Defender for Endpoint, you have: Agentless, cloud powered - No additional deployment or infrastructure. No delays or update compatibility issues. Always up to date. Unparalleled optics - Built on the industry’s deepest insight into Windows threats and shared signals across devices, identities, and information. Automated security - Take your security to a new level by going from alert to remediation in minutes—at scale.",https://images.g2crowd.com/uploads/product/hd_favicon/a8a99a96fda235658139f710592f8a53/microsoft-defender-for-endpoint.svg,240,4.4 out of 5,Security,